-- phpMyAdmin SQL Dump
-- version 4.9.5
-- https://www.phpmyadmin.net/
--
-- Host: localhost:3306
-- Generation Time: Apr 16, 2025 at 02:07 PM
-- Server version: 5.7.24
-- PHP Version: 7.4.1

SET SQL_MODE = "NO_AUTO_VALUE_ON_ZERO";
SET AUTOCOMMIT = 0;
START TRANSACTION;
SET time_zone = "+00:00";


/*!40101 SET @OLD_CHARACTER_SET_CLIENT=@@CHARACTER_SET_CLIENT */;
/*!40101 SET @OLD_CHARACTER_SET_RESULTS=@@CHARACTER_SET_RESULTS */;
/*!40101 SET @OLD_COLLATION_CONNECTION=@@COLLATION_CONNECTION */;
/*!40101 SET NAMES utf8mb4 */;

--
-- Database: `projet2025`
--

-- --------------------------------------------------------

--
-- Table structure for table `departement`
--

CREATE TABLE `departement` (
  `code_dep` int(3) NOT NULL,
  `nom_dep` varchar(23) DEFAULT NULL,
  `code_region` int(3) DEFAULT NULL,
  `nbr_hab` int(20) DEFAULT NULL,
  `densite` float(6,1) DEFAULT NULL,
  `pourcpopvingt` float(18,1) DEFAULT NULL,
  `pourcpopsoixante` float(18,1) DEFAULT NULL,
  `taux_chomage` float(18,1) DEFAULT NULL,
  `taux_pauvrete` float(18,1) DEFAULT NULL,
  `nbr_foyer_salarie` int(20) DEFAULT NULL,
  `montant_salarie` bigint(30) DEFAULT NULL,
  `nbr_foyer_retraite` int(10) DEFAULT NULL,
  `montant_retraite` bigint(30) DEFAULT NULL
) ENGINE=InnoDB DEFAULT CHARSET=utf8;

--
-- Dumping data for table `departement`
--

INSERT INTO `departement` (`code_dep`, `nom_dep`, `code_region`, `nbr_hab`, `densite`, `pourcpopvingt`, `pourcpopsoixante`, `taux_chomage`, `taux_pauvrete`, `nbr_foyer_salarie`, `montant_salarie`, `nbr_foyer_retraite`, `montant_retraite`) VALUES
(1, 'Ain', 84, 643977, 112.0, 26.0, 23.0, 6.0, 11.0, 236159, 8059150046, 115788, 2799796910),
(2, 'Aisne', 32, 535807, 73.0, 25.0, 26.0, 13.0, 19.0, 186376, 4480895766, 110928, 2346359359),
(3, 'Allier', 84, 339927, 46.0, 21.0, 34.0, 9.0, 16.0, 112743, 2676415077, 92260, 1954476801),
(4, 'Alpes-de-Haute-Provence', 93, 161767, 23.0, 21.0, 33.0, 11.0, 17.0, 57731, 1351649840, 42188, 926780683),
(5, 'Hautes-Alpes', 93, 141384, 25.0, 22.0, 30.0, 8.0, 14.0, 125514, 1207132422, 34355, 774560370),
(6, 'Alpes-Maritimes', 93, 1081455, 252.0, 21.0, 30.0, 10.0, 16.0, 437580, 12742286361, 260453, 6065343120),
(7, 'Ardeche', 84, 327201, 59.0, 22.0, 31.0, 10.0, 15.0, 115203, 2812682339, 79198, 1724316651),
(8, 'Ardennes', 44, 273680, 52.0, 24.0, 28.0, 10.0, 20.0, 92702, 2236227407, 59651, 1225262633),
(9, 'Ariege', 76, 152482, 31.0, 21.0, 33.0, 11.0, 19.0, 52157, 1157893556, 39475, 822973611),
(10, 'Aube', 44, 310912, 52.0, 24.0, 27.0, 11.0, 16.0, 108035, 2627150239, 66165, 1427042096),
(11, 'Aude', 76, 369302, 60.0, 22.0, 32.0, 12.0, 21.0, 123511, 2716243378, 94009, 1974828161),
(12, 'Aveyron', 76, 280517, 32.0, 21.0, 34.0, 7.0, 14.0, 91540, 2200576943, 72409, 1483836321),
(13, 'Bouches-du-Rhone', 93, 2035414, 400.0, 24.0, 26.0, 11.0, 19.0, 762647, 21327075837, 411866, 9269533419),
(14, 'Calvados', 28, 698670, 126.0, 23.2, 29.0, 6.3, 11.9, 250545, 6592286453, 150425, 3494655856),
(15, 'Cantal', 84, 144417, 25.0, 18.0, 35.0, 5.0, 14.0, 47753, 1109077933, 40016, 784298271),
(16, 'Charente', 75, 349878, 58.0, 20.0, 33.0, 7.5, 15.0, 123556, 3027957622, 86731, 1855686062),
(17, 'Charente-Maritime', 75, 659379, 96.0, 19.9, 35.9, 6.7, 12.4, 225287, 5463716650, 174959, 4139090424),
(18, 'Cher', 24, 302754, 41.0, 21.0, 32.0, 9.0, 14.0, 105697, 2635462298, 76182, 1694317643),
(19, 'Correze', 75, 241280, 41.0, 20.0, 34.0, 7.0, 13.0, 82060, 2018605916, 63495, 1385962553),
(21, 'Cote-d\'Or', 27, 534164, 61.0, 22.0, 28.0, 5.8, 11.5, 194206, 5348778165, 111758, 2658129731),
(22, 'Cotes-d\'Armor', 53, 598722, 87.0, 23.0, 33.0, 8.0, 12.0, 201155, 5075279844, 154099, 3511030622),
(23, 'Creuse', 75, 119278, 21.0, 18.0, 38.0, 8.0, 19.0, 36887, 794327379, 35366, 695642998),
(24, 'Dordogne', 75, 413684, 46.0, 20.0, 36.0, 9.0, 17.0, 138614, 3143389291, 113893, 2472835087),
(25, 'Doubs', 27, 539925, 103.0, 25.0, 25.0, 8.0, 12.0, 195901, 6082281937, 104461, 2366379660),
(26, 'Drome', 84, 512518, 78.0, 24.0, 27.0, 10.0, 16.0, 186770, 4808905135, 110941, 2489474396),
(27, 'Eure', 28, 607738, 101.0, 26.0, 25.0, 9.0, 13.0, 219013, 6013822965, 118313, 2726297961),
(28, 'Eure-et-Loir', 24, 434254, 74.0, 25.0, 26.0, 8.0, 12.0, 158010, 4424877559, 88759, 2071011478),
(29, 'Finistere', 53, 909769, 135.0, 23.0, 29.0, 8.0, 11.0, 318068, 8343312850, 220277, 5080439978),
(30, 'Gard', 76, 744966, 127.0, 23.0, 29.0, 12.0, 20.0, 257537, 6396779110, 169720, 3696538731),
(31, 'Haute-Garonne', 76, 1371044, 217.0, 24.0, 21.0, 8.0, 13.0, 78312, 16169799922, 225948, 5388547682),
(32, 'Gers', 76, 191344, 31.0, 21.0, 34.0, 7.0, 15.0, 65524, 1575089365, 50466, 1031046379),
(33, 'Gironde', 75, 1590570, 148.0, 24.0, 24.0, 9.0, 13.0, 620522, 17414630484, 313984, 7440342647),
(34, 'Herault', 76, 1184031, 194.0, 22.0, 27.0, 11.0, 19.7, 415821, 10427932047, 244460, 5617261765),
(35, 'Ille-et-Vilaine', 53, 1063811, 157.0, 26.0, 23.0, 7.0, 11.0, 386864, 11128014940, 193610, 4472829087),
(36, 'Indre', 24, 220530, 32.0, 20.0, 35.0, 9.0, 15.0, 74823, 1746774815, 59384, 1259858989),
(37, 'Indre-et-Loire', 24, 609313, 99.0, 24.0, 27.0, 8.0, 13.0, 224535, 6130525662, 128949, 3058944911),
(38, 'Isere', 84, 1265869, 170.0, 26.0, 24.0, 7.0, 12.0, 472596, 14152398572, 238046, 5588323954),
(39, 'Jura', 27, 259868, 52.0, 23.0, 29.0, 6.0, 12.0, 94209, 2604166505, 61069, 1351441805),
(40, 'Landes', 75, 409211, 44.0, 21.0, 31.0, 9.0, 12.0, 147315, 3686812472, 104488, 2368408622),
(41, 'Loir-et-Cher', 24, 327835, 51.0, 22.0, 32.0, 6.2, 12.6, 259571, 3036002661, 79280, 1841326140),
(42, 'Loire', 84, 764233, 160.0, 24.0, 28.0, 8.0, 14.7, 522584, 6860579520, 168560, 3665606300),
(43, 'Haute-Loire', 84, 227435, 46.0, 23.0, 30.0, 7.0, 13.0, 61128, 1928086321, 56411, 1147119979),
(44, 'Loire-Atlantique', 52, 1462506, 215.0, 24.8, 24.5, 5.5, 10.0, 253541, 15395217771, 262865, 6277309437),
(45, 'Loiret', 24, 684609, 101.0, 25.0, 27.0, 7.2, 13.2, 117387, 7054132713, 136342, 3301002777),
(46, 'Lot', 76, 172061, 33.0, 19.0, 37.0, 9.0, 15.0, 57382, 1335539711, 48184, 1088939738),
(47, 'Lot-et-Garonne', 75, 333532, 62.0, 22.0, 33.0, 9.0, 17.0, 115006, 2667465826, 84849, 1749522945),
(48, 'Lozere', 76, 75810, 15.0, 21.0, 31.0, 6.0, 15.0, 25449, 586070966, 18961, 380268592),
(49, 'Maine-et-Loire', 52, 817518, 114.0, 26.0, 25.0, 8.0, 12.0, 286650, 7641575349, 159451, 3572791975),
(50, 'Manche', 28, 497880, 84.0, 23.0, 31.0, 7.0, 13.0, 169217, 4309296326, 122972, 2659985163),
(51, 'Marne', 44, 573247, 70.0, 25.0, 25.0, 8.0, 15.0, 208422, 5538647924, 111245, 2540445832),
(52, 'Haute-Marne', 44, 176614, 28.0, 22.0, 31.0, 8.0, 16.0, 52071, 1442764826, 43943, 917527989),
(53, 'Mayenne', 52, 307014, 59.0, 26.0, 28.0, 6.0, 12.0, 104031, 2733752863, 66274, 1390000513),
(54, 'Meurthe-et-Moselle', 44, 733753, 140.0, 24.0, 25.0, 9.0, 15.0, 246338, 6514672011, 143819, 3255756210),
(55, 'Meuse', 44, 188467, 30.0, 23.0, 29.0, 8.0, 16.0, 62635, 1519951743, 42712, 894386043),
(56, 'Morbihan', 53, 750828, 110.0, 23.0, 30.0, 8.0, 11.0, 261903, 6776035119, 188029, 4415441003),
(57, 'Moselle', 44, 1041050, 167.0, 23.0, 26.0, 9.0, 15.0, 347063, 8914957712, 211565, 4577635876),
(58, 'Nievre', 27, 208049, 31.0, 19.0, 37.0, 8.0, 16.0, 66543, 1554769260, 59472, 1289486292),
(59, 'Nord', 32, 2612189, 455.0, 27.0, 22.0, 12.0, 19.0, 913690, 24599283600, 464594, 9997305629),
(60, 'Oise', 32, 827465, 141.0, 27.0, 22.0, 9.0, 13.0, 308531, 9004007524, 147976, 3457376929),
(61, 'Orne', 28, 283960, 47.0, 22.0, 32.0, 8.0, 16.0, 93128, 2193068889, 70772, 1498756502),
(62, 'Pas-de-Calais', 32, 1474943, 221.0, 26.0, 24.0, 11.0, 20.0, 507932, 12551458646, 294222, 6012834663),
(63, 'Puy-de-Dome', 84, 652856, 82.0, 23.0, 28.0, 8.0, 13.0, 235225, 6488682074, 144176, 3263602388),
(64, 'Pyrenees-Atlantiques', 75, 675182, 88.0, 22.0, 30.0, 7.0, 12.0, 247572, 6605519425, 160780, 3792939406),
(65, 'Hautes-Pyrenees', 76, 227417, 51.0, 20.0, 34.0, 8.9, 15.0, 283874, 1888888093, 61181, 1299981078),
(66, 'Pyrenees-Orientales', 76, 478612, 116.0, 22.0, 32.0, 14.0, 21.0, 158869, 3549512508, 121087, 2658035154),
(67, 'Bas-Rhin', 44, 1122696, 236.0, 23.0, 24.0, 8.0, 13.0, 427563, 12701427408, 211233, 5027370623),
(68, 'Haut-Rhin', 44, 762314, 216.0, 23.0, 25.0, 8.0, 13.0, 58769, 9470458369, 150178, 3646562949),
(69, 'Rhone', 84, 1860112, 573.0, 26.0, 22.0, 8.0, 14.0, 709782, 22296487843, 313122, 7796544189),
(70, 'Haute-Saone', 27, 235611, 44.0, 23.0, 29.0, 8.0, 14.0, 83037, 2085332628, 55315, 1165163536),
(71, 'Saone-et-Loire', 27, 554124, 65.0, 22.0, 32.0, 8.0, 13.0, 188723, 4822001239, 137017, 3023413689),
(72, 'Sarthe', 52, 567779, 91.0, 25.0, 28.0, 8.0, 14.0, 196298, 5182143335, 124231, 2789977441),
(73, 'Savoie', 84, 432013, 72.0, 23.0, 26.0, 7.0, 10.0, 168040, 4747137058, 91057, 2137209073),
(74, 'Haute-Savoie', 84, 818109, 186.0, 25.0, 22.0, 6.0, 9.0, 327308, 12917110879, 136962, 3416962120),
(75, 'Paris', 11, 2181866, 20780.0, 20.0, 22.0, 7.0, 16.0, 1007965, 43166479210, 354517, 11055298684),
(76, 'Seine-Maritime', 28, 1257594, 200.0, 25.0, 25.0, 10.0, 15.0, 448294, 12192676451, 253544, 5819861679),
(77, 'Seine-et-Marne', 11, 1412088, 239.0, 28.0, 19.0, 7.0, 12.0, 564137, 17555206317, 213930, 5397344511),
(78, 'Yvelines', 11, 1434980, 628.0, 27.0, 22.0, 7.0, 10.0, 559410, 23132191421, 226587, 7062257021),
(79, 'Deux-Sevres', 75, 375517, 63.0, 24.0, 29.0, 7.0, 13.0, 129613, 3410693895, 84957, 1804295222),
(80, 'Somme', 32, 570899, 93.0, 25.0, 25.0, 11.0, 17.0, 199329, 5022138976, 115680, 2489960382),
(81, 'Tarn', 76, 390859, 68.0, 23.0, 31.0, 10.0, 16.0, 130746, 3247754724, 97107, 2049602329),
(82, 'Tarn-et-Garonne', 76, 260288, 70.0, 25.0, 28.0, 10.0, 17.0, 91229, 2238024662, 58045, 1182624399),
(83, 'Var', 93, 1064536, 178.0, 21.0, 32.0, 10.0, 16.0, 382600, 9915574704, 276050, 6633797432),
(84, 'Vaucluse', 93, 563386, 158.0, 24.0, 28.0, 12.0, 20.0, 207202, 5053783205, 124286, 2667745366),
(85, 'Vendee', 52, 676050, 101.0, 24.0, 30.0, 7.0, 10.0, 234762, 6145191969, 163356, 3710782255),
(86, 'Vienne', 75, 437198, 63.0, 24.0, 28.0, 7.0, 14.0, 150967, 3888946597, 92845, 2068435418),
(87, 'Haute-Vienne', 75, 372040, 67.0, 21.0, 31.0, 7.3, 15.1, 81303, 3228562896, 89692, 2018393930),
(88, 'Vosges', 44, 367404, 63.0, 22.0, 30.0, 9.0, 16.0, 129844, 3169370067, 87764, 1889119851),
(89, 'Yonne', 27, 339413, 46.0, 23.0, 30.0, 8.0, 15.0, 119246, 2913972092, 82185, 1843004368),
(90, 'Territoire de Belfort', 27, 144496, 237.0, 24.0, 25.0, 9.0, 15.0, 50492, 1510935684, 27698, 627650201),
(91, 'Essonne', 11, 1301545, 721.0, 28.0, 20.0, 7.0, 13.0, 516809, 17210174957, 191366, 5400916852),
(92, 'Hauts-de-Seine', 11, 1605502, 9122.0, 24.0, 19.0, 6.0, 12.0, 667451, 29829489811, 234035, 7145573192),
(93, 'Seine-Saint-Denis', 11, 1628410, 6900.0, 29.0, 17.0, 12.0, 29.0, 634335, 15920780899, 198138, 4160266444),
(94, 'Val-de-Marne', 11, 1425072, 5762.0, 26.0, 21.0, 7.7, 16.6, 489482, 18572641397, 202207, 5279367769),
(95, 'Val-d\'Oise', 11, 1241800, 997.0, 28.0, 19.0, 8.2, 16.6, 562206, 15050156113, 172911, 4399547409),
(96, 'Corse-du-Sud', 94, 161872, 40.0, 20.2, 31.2, 5.8, 16.3, 55855, 1467038966, 33342, 704024432),
(97, 'Haute-Corse', 94, 176795, 38.0, 21.0, 29.0, 10.0, 22.0, 533812, 1430170381, 38729, 746897829),
(971, 'Guadeloupe', 1, 393640, 242.0, 26.0, 24.0, 24.0, 13.0, 136098, 3435150267, 65819, 1133292878),
(972, 'Martinique', 2, 374780, 332.0, 24.0, 27.0, 18.0, 31.0, 137418, 3490329552, 68271, 1222614582),
(973, 'Guyane', 3, 274153, 3.0, 42.0, 8.0, 23.0, 29.0, 61000, 1685502082, 11844, 195493521),
(974, 'La reunion', 4, 860815, 344.0, 32.0, 16.0, 22.0, 40.0, 309784, 7262982286, 99240, 1701928961);

-- --------------------------------------------------------

--
-- Table structure for table `etablissement`
--

CREATE TABLE `etablissement` (
  `id_eta` int(3) NOT NULL,
  `code_dep` int(3) DEFAULT NULL,
  `nbr_t_eta` int(10) DEFAULT NULL,
  `nbr_eta_2018` int(10) DEFAULT NULL
) ENGINE=InnoDB DEFAULT CHARSET=utf8;

--
-- Dumping data for table `etablissement`
--

INSERT INTO `etablissement` (`id_eta`, `code_dep`, `nbr_t_eta`, `nbr_eta_2018`) VALUES
(1, 1, 19599, 519),
(2, 2, 14520, 299),
(3, 3, 10891, 282),
(4, 4, 7250, 189),
(5, 6, 49039, 1566),
(6, 7, 11022, 355),
(7, 8, 8179, 134),
(8, 9, 5428, 165),
(9, 10, 10780, 243),
(10, 11, 13354, 369),
(11, 12, 11633, 334),
(12, 67, 39268, 1338),
(13, 13, 74510, 2985),
(14, 21, 18837, 616),
(15, 22, 20025, 579),
(16, 14, 24775, 796),
(17, 15, 5882, 122),
(18, 16, 12285, 415),
(19, 17, 25717, 789),
(20, 18, 9475, 237),
(21, 19, 8627, 271),
(22, 96, 8571, 232),
(23, 23, 4167, 90),
(24, 79, 11498, 330),
(25, 24, 15298, 439),
(26, 25, 16863, 627),
(27, 26, 19822, 733),
(28, 91, 33559, 1073),
(29, 27, 16748, 430),
(30, 28, 12565, 352),
(31, 29, 29304, 909),
(32, 30, 25591, 874),
(33, 32, 7740, 192),
(34, 33, 59594, 2421),
(35, 971, 11790, 355),
(36, 973, 4938, 143),
(37, 34, 43852, 1954),
(38, 97, 8773, 251),
(39, 31, 46972, 2241),
(40, 43, 8200, 220),
(41, 52, 5853, 132),
(42, 70, 7026, 153),
(43, 5, 7372, 203),
(44, 74, 30753, 973),
(45, 65, 8742, 239),
(46, 87, 11377, 405),
(47, 68, 23981, 624),
(48, 92, 57534, 3966),
(49, 35, 34854, 1486),
(50, 36, 7444, 196),
(51, 37, 19476, 801),
(52, 38, 41551, 1555),
(53, 39, 9436, 273),
(54, 974, 24523, 709),
(55, 40, 15320, 424),
(56, 42, 24514, 848),
(57, 44, 45318, 2087),
(58, 45, 20062, 652),
(59, 41, 10736, 280),
(60, 46, 6777, 210),
(61, 47, 12215, 358),
(62, 48, 3589, 91),
(63, 49, 25245, 921),
(64, 50, 16543, 357),
(65, 51, 21285, 506),
(66, 972, 10878, 319),
(67, 53, 10036, 239),
(68, 54, 19721, 682),
(69, 55, 5509, 109),
(70, 56, 25656, 845),
(71, 57, 27943, 680),
(72, 58, 6898, 171),
(73, 59, 68081, 2392),
(74, 60, 21932, 561),
(75, 61, 9732, 228),
(76, 75, 182079, 17030),
(77, 62, 36864, 786),
(78, 63, 21341, 784),
(79, 64, 27325, 977),
(80, 66, 17515, 504),
(81, 69, 72720, 3531),
(82, 71, 18734, 563),
(83, 72, 16048, 475),
(84, 73, 20846, 594),
(85, 77, 39135, 1225),
(86, 76, 36506, 1093),
(87, 93, 46637, 2403),
(88, 80, 16682, 430),
(89, 81, 12977, 435),
(90, 82, 8653, 229),
(91, 90, 3787, 93),
(92, 94, 39887, 1918),
(93, 95, 32003, 962),
(94, 83, 41132, 1103),
(95, 84, 23147, 802),
(96, 85, 23688, 676),
(97, 86, 12928, 521),
(98, 88, 12254, 297),
(99, 89, 10951, 317),
(100, 78, 39785, 1471);

-- --------------------------------------------------------

--
-- Table structure for table `logement`
--

CREATE TABLE `logement` (
  `Id_log` int(3) NOT NULL,
  `code_dep` int(3) DEFAULT NULL,
  `nbr_log` int(10) DEFAULT NULL,
  `taux_log_sociaux` float(6,1) DEFAULT NULL,
  `taux_log_ind` float(6,1) DEFAULT NULL
) ENGINE=InnoDB DEFAULT CHARSET=utf8;

--
-- Dumping data for table `logement`
--

INSERT INTO `logement` (`Id_log`, `code_dep`, `nbr_log`, `taux_log_sociaux`, `taux_log_ind`) VALUES
(1, 1, 303196, 17.0, 64.0),
(2, 2, 263182, 18.0, 76.0),
(3, 3, 206333, 12.0, 72.0),
(4, 4, 125755, 9.0, 61.0),
(5, 6, 757924, 10.0, 24.0),
(6, 7, 198998, 9.0, 74.0),
(7, 8, 141523, 20.0, 71.0),
(8, 9, 107815, 5.0, 80.0),
(9, 10, 161715, 23.0, 66.0),
(10, 11, 256038, 10.0, 71.0),
(11, 12, 178832, 6.0, 74.0),
(12, 67, 539184, 14.0, 47.0),
(13, 13, 1000230, 17.0, 38.0),
(14, 14, 426069, 19.0, 60.0),
(15, 15, 101070, 8.0, 75.0),
(16, 16, 198241, 9.7, 82.7),
(17, 17, 445578, 10.0, 77.0),
(18, 18, 177873, 14.0, 79.0),
(19, 19, 153380, 8.0, 78.0),
(20, 96, 123650, 9.0, 52.0),
(21, 21, 292479, 15.0, 54.0),
(22, 22, 360831, 8.0, 82.0),
(23, 23, 88030, 9.0, 86.0),
(24, 79, 191426, 9.0, 86.0),
(25, 24, 254994, 7.0, 84.0),
(26, 25, 275361, 16.0, 51.0),
(27, 26, 265645, 12.0, 64.0),
(28, 91, 541843, 23.0, 47.0),
(29, 27, 290300, 17.0, 77.0),
(30, 28, 212566, 18.0, 74.0),
(31, 29, 533651, 11.0, 73.0),
(32, 30, 414992, 12.0, 62.0),
(33, 32, 108655, 6.0, 81.0),
(34, 33, 828907, 14.0, 63.0),
(35, 971, 223722, 21.0, 75.0),
(36, 973, 84718, 23.0, 63.0),
(37, 68, 373686, 15.0, 52.0),
(38, 97, 127847, 10.0, 50.0),
(39, 31, 691485, 14.0, 50.0),
(40, 43, 141350, 8.0, 77.0),
(41, 52, 100622, 20.0, 75.0),
(42, 70, 125664, 11.0, 77.0),
(43, 74, 492485, 13.0, 41.0),
(44, 87, 219980, 14.2, 66.2),
(45, 5, 133804, 12.0, 43.0),
(46, 65, 161703, 11.7, 60.3),
(47, 92, 789809, 28.0, 11.0),
(48, 34, 729652, 12.0, 48.1),
(49, 35, 530547, 15.0, 60.0),
(50, 36, 137780, 17.0, 83.0),
(51, 37, 315335, 18.0, 63.0),
(52, 38, 633595, 16.0, 49.0),
(53, 39, 147299, 12.0, 65.0),
(54, 974, 356849, 22.0, 67.0),
(55, 40, 249240, 7.0, 73.0),
(56, 41, 184614, 14.3, 80.2),
(57, 42, 396655, 17.7, 51.0),
(58, 44, 776207, 15.0, 61.0),
(59, 45, 348977, 17.0, 68.0),
(60, 46, 116516, 6.0, 83.0),
(61, 47, 182901, 7.0, 80.0),
(62, 48, 60110, 8.0, 78.0),
(63, 49, 389081, 18.0, 70.0),
(64, 50, 293265, 17.0, 80.0),
(65, 51, 289583, 28.0, 56.0),
(66, 972, 210145, 19.0, 64.0),
(67, 53, 154756, 12.0, 80.0),
(68, 54, 369849, 16.0, 54.0),
(69, 55, 99354, 12.0, 76.0),
(70, 56, 454930, 11.0, 74.0),
(71, 57, 506609, 17.0, 55.0),
(72, 58, 141427, 13.0, 78.0),
(73, 59, 1194450, 24.0, 67.0),
(74, 60, 365879, 20.0, 67.0),
(75, 61, 164371, 17.0, 79.0),
(76, 75, 1366438, 20.0, 1.0),
(77, 62, 703500, 26.0, 77.0),
(78, 63, 379235, 13.0, 63.0),
(79, 64, 394629, 11.0, 52.0),
(80, 66, 343028, 10.0, 56.0),
(81, 69, 890850, 21.0, 29.0),
(82, 71, 307521, 17.0, 69.0),
(83, 72, 287698, 15.0, 75.0),
(84, 73, 338924, 17.0, 38.0),
(85, 77, 597798, 19.0, 58.0),
(86, 76, 629506, 25.0, 56.0),
(87, 93, 652707, 36.0, 25.0),
(88, 80, 294679, 16.0, 74.0),
(89, 81, 207386, 9.0, 79.0),
(90, 82, 128761, 8.0, 79.0),
(91, 90, 71397, 22.0, 47.0),
(92, 95, 504100, 26.5, 44.6),
(93, 94, 647289, 30.0, 21.0),
(94, 83, 700842, 10.0, 47.0),
(95, 84, 295359, 13.0, 64.0),
(96, 85, 412580, 8.0, 84.0),
(97, 86, 235912, 12.0, 74.0),
(98, 88, 211645, 15.0, 65.0),
(99, 89, 194524, 14.0, 78.0),
(100, 78, 621026, 21.0, 43.0);

-- --------------------------------------------------------

--
-- Table structure for table `region`
--

CREATE TABLE `region` (
  `code_region` int(3) NOT NULL,
  `nom_region` varchar(26) DEFAULT NULL
) ENGINE=InnoDB DEFAULT CHARSET=utf8;

--
-- Dumping data for table `region`
--

INSERT INTO `region` (`code_region`, `nom_region`) VALUES
(1, 'guadeloupe'),
(2, 'martinique'),
(3, 'guyane'),
(4, 'la reunion'),
(11, 'ile-de-france'),
(24, 'centre-val de loire'),
(27, 'bourgogne-franche-comte'),
(28, 'normandie'),
(32, 'hauts-de-france'),
(44, 'grand est'),
(52, 'pays de la loire'),
(53, 'bretagne'),
(75, 'nouvelle-aquitaine'),
(76, 'occitanie'),
(84, 'auvergne-rhone-alpes'),
(93, 'provence-alpes-cote d\'azur'),
(94, 'corse');

--
-- Indexes for dumped tables
--

--
-- Indexes for table `departement`
--
ALTER TABLE `departement`
  ADD PRIMARY KEY (`code_dep`),
  ADD KEY `code_region` (`code_region`);

--
-- Indexes for table `etablissement`
--
ALTER TABLE `etablissement`
  ADD PRIMARY KEY (`id_eta`),
  ADD KEY `code_dep` (`code_dep`);

--
-- Indexes for table `logement`
--
ALTER TABLE `logement`
  ADD PRIMARY KEY (`Id_log`),
  ADD KEY `code_dep` (`code_dep`);

--
-- Indexes for table `region`
--
ALTER TABLE `region`
  ADD PRIMARY KEY (`code_region`);

--
-- Constraints for dumped tables
--

--
-- Constraints for table `departement`
--
ALTER TABLE `departement`
  ADD CONSTRAINT `departement_ibfk_1` FOREIGN KEY (`code_region`) REFERENCES `region` (`code_region`);

--
-- Constraints for table `etablissement`
--
ALTER TABLE `etablissement`
  ADD CONSTRAINT `etablissement_ibfk_1` FOREIGN KEY (`code_dep`) REFERENCES `departement` (`code_dep`);

--
-- Constraints for table `logement`
--
ALTER TABLE `logement`
  ADD CONSTRAINT `logement_ibfk_1` FOREIGN KEY (`code_dep`) REFERENCES `departement` (`code_dep`);
COMMIT;

/*!40101 SET CHARACTER_SET_CLIENT=@OLD_CHARACTER_SET_CLIENT */;
/*!40101 SET CHARACTER_SET_RESULTS=@OLD_CHARACTER_SET_RESULTS */;
/*!40101 SET COLLATION_CONNECTION=@OLD_COLLATION_CONNECTION */;
